Action,Time,ISIN,Ticker,Name,No. of shares,Price / share,Currency (Price / share),Exchange rate,Result (EUR),Total (EUR),Withholding tax,Currency (Withholding tax),Charge amount (EUR),Transaction fee (EUR),Finra fee (EUR),Notes,ID,French transaction tax,Currency conversion fee (EUR)
Deposit,2021-01-01 16:24:52,,,,,,,,,10.00,,,10.00,,,"Transaction ID: 4726095182915666",ed75b407-3aa6-4078-9b24-0f8c8d6c6f9d,,
Deposit,2021-01-04 09:25:23,,,,,,,,,613.00,,,613.00,,,"Transaction ID: 1336097523230324",274a473f-30bb-4334-bf66-dac1a5f4414a,,
Market buy,2021-01-04 09:26:36,IE00BGL86Z12,ECAR,"iShares Electric Vehicles and Driving Technology",17.6234800000,7.32,USD,1.22928,,105.00,,,,,,,EOF734893087,,
Market buy,2021-01-04 09:26:37,IE00B0M63284,IPRP,"iShares European Property Yield",0.7308424300,3688.00,GBX,89.84491,,30.00,,,,,,,EOF734893095,,
Market buy,2021-01-04 09:27:41,IE00BYZK4776,HEAL,"iShares Healthcare Innovation",12.4890560000,10.34,USD,1.22928,,105.00,,,,,,,EOF734893390,,
Market buy,2021-01-04 09:29:01,IE00B3WJKG14,QDVE,"iShares S&P 500 Information Technology Sector EUR",4.4856450000,13.38,EUR,1.00000,,60.00,,,,,,,EOF734893617,,
Market buy,2021-01-04 09:29:08,FR0013176526,FR,"Valeo",0.3633190000,32.93,EUR,1.00000,,12.00,,,,,,,EOF734893643,0.04,
Market buy,2021-01-04 14:30:07,CA72706K1012,PLNHF,"Planet 13",1.3035800000,5.66,USD,1.22971,,6.00,,,,,,,EOF737815021,,
Market buy,2021-01-04 14:32:48,US2937921078,EPD,"Enterprise Products Partners",1.2330960000,19.96,USD,1.23062,,20.00,,,,,,,EOF738583912,,
Market buy,2021-01-04 14:33:04,US92259F1012,VLDR,"Velodyne Lidar",0.6332330000,23.32,USD,1.23058,,12.00,,,,,,,EOF738586300,,
Market buy,2021-01-04 14:33:44,US98980F1049,ZI,"ZoomInfo",1.0193330000,48.29,USD,1.23058,,40.00,,,,,,,EOF738592909,,
Market buy,2021-01-04 14:34:35,US52603B1070,TREE,"Lendingtree",0.1419465000,277.42,USD,1.23058,,32.00,,,,,,,EOF738599721,,
Market buy,2021-01-04 14:34:51,US09061G1013,BMRN,"Biomarin Pharma",0.1926440000,89.43,USD,1.23058,,14.00,,,,,,,EOF738601646,,
Market buy,2021-01-04 14:35:23,US38113L1070,GNOG,"Golden Nugget Online Gaming",1.4212750000,20.78,USD,1.23059,,24.00,,,,,,,EOF738605464,,
Market buy,2021-01-04 14:38:21,US46625H1005,JPM,"JPMorgan Chase",0.3857044000,127.62,USD,1.23058,,40.00,,,,,,,EOF738615219,,
Limit buy,2021-01-04 14:40:32,US02451V1017,ABML,"American Battery Technology",10.0000000000,1.19,USD,1.22939,,9.68,,,,,,,EOF738619300,,
Limit buy,2021-01-04 15:04:52,US02451V1017,ABML,"American Battery Technology",10.0000000000,1.10,USD,1.22829,,8.96,,,,,,,EOF739826942,,
Limit buy,2021-01-04 15:45:29,IE00BLRPRL42,QQQ3,"WisdomTree NASDAQ 100 3x",1.0000000000,131.00,USD,1.22641,,106.82,,,,,,,EOF742386517,,
Deposit,2021-01-05 14:16:54,,,,,,,,,12.00,,,12.00,,,"Transaction ID: 4556098562133665",5adcdfa2-7a50-4812-ac70-5a3f5e547707,,
Limit buy,2021-01-05 14:36:37,US02451V1017,ABML,"American Battery Technology",10.0000000000,1.05,USD,1.22703,,8.56,,,,,,,EOF749245840,,
Limit buy,2021-01-05 14:36:43,US8902607063,TNXP,"Tonix",15.0000000000,0.83,USD,1.22703,,10.15,,,,,,,EOF749246128,,
Market sell,2021-01-05 14:36:44,US8902607063,TNXP,"Tonix",8.0000000000,0.83,USD,1.22726,-0.02,5.39,,,,,,,EOF749246135,,
Deposit,2021-01-05 16:07:08,,,,,,,,,80.00,,,80.00,,,"Transaction ID: 1539098628275235",b44b814e-3a44-4cad-a3af-de47bf9aa502,,
Limit buy,2021-01-05 16:31:47,US02451V1017,ABML,"American Battery Technology",15.0000000000,0.80,USD,1.22811,,9.71,,,,,,,EOF751907612,,
Limit buy,2021-01-05 20:00:29,US63910B1026,NLS,"Nautilus Group",2.0000000000,19.04,USD,1.23035,,30.95,,,,,,,EOF753023187,,
Limit buy,2021-01-05 20:20:32,US7501021056,RXT,"Rackspace Technology",2.0000000000,19.05,USD,1.23000,,30.98,,,,,,,EOF753027918,,
Deposit,2021-01-06 07:00:50,,,,,,,,,220.00,,,220.00,,,"Transaction ID: 1639099164504276",98acc477-3ad2-49a2-9c2b-78873ddfe55c,,
Limit buy,2021-01-06 14:32:38,US09075F1075,BNGO,"BioNano",10.0000000000,4.55,USD,1.22995,,36.99,,,,,,,EOF759315679,,
Limit buy,2021-01-06 14:32:41,US98138J2069,WKHS,"Workhorse",3.0000000000,22.25,USD,1.22998,,54.27,,,,,,,EOF759315775,,
Limit buy,2021-01-06 14:54:51,US8902607063,TNXP,"Tonix",8.0000000000,0.77,USD,1.23170,,4.98,,,,,,,EOF762005003,,
Market buy,2021-01-06 16:15:34,US6544051096,NMTR,"9 Meters Biopharma",10.0000000000,1.60,USD,1.22739,,13.04,,,,,,,EOF763525077,,
Market buy,2021-01-06 16:16:08,US68570P1012,ORTX,"Orchard Therapeutics PLC",3.0000000000,6.40,USD,1.22731,,15.64,,,,,,,EOF763525729,,
Limit buy,2021-01-07 16:19:25,US6544051096,NMTR,"9 Meters Biopharma",10.0000000000,1.36,USD,1.22715,,11.08,,,,,,,EOF778508216,,
Limit buy,2021-01-07 16:39:05,US98980F1049,ZI,"ZoomInfo",1.0000000000,43.00,USD,1.22726,,35.04,,,,,,,EOF778527076,,
Limit buy,2021-01-07 19:23:48,US8177631053,SESN,"Sesen Bio ",15.0000000000,1.44,USD,1.22672,,17.61,,,,,,,EOF781256310,,
Limit buy,2021-01-08 14:30:11,US09075F1075,BNGO,"BioNano",5.0000000000,4.15,USD,1.22771,,16.90,,,,,,,EOF786694361,,
Limit buy,2021-01-08 15:22:02,US6837121036,OPEN,"Opendoor Technologies",1.0000000000,26.60,USD,1.22250,,21.76,,,,,,,EOF792594682,,
Deposit,2021-01-11 12:45:51,,,,,,,,,150.00,,,150.00,,,"Transaction ID: 4846103691500626",96f4e15d-d726-4f60-a9cc-f1c33ec65d38,,
Limit buy,2021-01-11 14:30:49,US5951121038,MU,"Micron Technology",1.0000000000,76.50,USD,1.21482,,62.97,,,,,,,EOF804665310,,
Limit buy,2021-01-11 14:30:56,US74767V1098,QS,"QuantumScape",1.0000000000,56.00,USD,1.21478,,46.10,,,,,,,EOF804666121,,
Market buy,2021-01-11 14:44:02,US09061G1013,BMRN,"Biomarin Pharma",0.2000000000,82.09,USD,1.21522,,13.51,,,,,,,EOF806444286,,
Market buy,2021-01-11 14:51:26,FR0013176526,FR,"Valeo",0.4000000000,29.90,EUR,1.00000,,12.00,,,,,,,EOF807433667,0.04,
Limit buy,2021-01-11 20:43:28,US00874R1032,AIAD,"AIADVERTISING",250.0000000000,0.06,USD,1.21554,,11.67,,,,,,,EOF812042850,,
Deposit,2021-01-12 12:23:07,,,,,,,,,440.00,,,440.00,,,"Bank Transfer",ad6adf77-c1fc-49b0-a149-126f8f71994a,,
Limit buy,2021-01-12 14:41:33,US38113L1070,GNOG,"Golden Nugget Online Gaming",1.0000000000,19.00,USD,1.21571,,15.63,,,,,,,EOF815005948,,
Limit sell,2021-01-12 14:51:02,IL0011745804,INVZ,"Innoviz Technologies",3.0000000000,14.10,USD,1.21476,6.46,34.82,,,,,,,EOF815024659,,
Market sell,2021-01-12 15:02:18,US88160R1014,TSLA,"Tesla",0.5000000000,849.74,USD,1.21530,91.64,349.60,,,,,,,EOF815946671,,
Limit buy,2021-01-12 16:02:15,US37045V1008,GM,"General Motors",1.0000000000,48.00,USD,1.21571,,39.48,,,,,,,EOF816510251,,
Limit buy,2021-01-12 17:10:46,US94106L1098,WM,"Waste Management",1.0000000000,115.75,USD,1.21664,,95.14,,,,,,,EOF817500657,,
Limit buy,2021-01-13 13:08:32,IE00BLRPRL42,QQQ3,"WisdomTree NASDAQ 100 3x",1.0000000000,130.00,USD,1.21657,,106.86,,,,,,,EOF821202409,,
Limit buy,2021-01-13 13:14:01,US00874R1032,AIAD,"AIADVERTISING",250.0000000000,0.13,USD,1.21664,,26.71,,,,,,,EOF821203669,,
Limit buy,2021-01-13 14:30:23,CA1366351098,CSIQ,"Canadian Solar",1.0000000000,56.20,USD,1.21564,,46.23,,,,,,,EOF821222580,,
Limit buy,2021-01-13 14:30:41,US9497461015,WFC,"Wells Fargo",2.0000000000,33.79,USD,1.21570,,55.59,,,,,,,EOF821226888,,
Limit buy,2021-01-13 14:30:43,US00444T1007,ACRX,"AcelRx Pharmaceuticals ",20.0000000000,2.05,USD,1.21561,,33.73,,,,,,,EOF821227418,,
Limit buy,2021-01-13 14:30:59,US87663X1028,TTCF,"Tattooed Chef",2.0000000000,25.49,USD,1.21563,,41.94,,,,,,,EOF821682557,,
Limit buy,2021-01-13 14:40:05,IE00BJGWQN72,WCLD,"WisdomTree Cloud Computing",2.0000000000,54.00,USD,1.21638,,88.79,,,,,,,EOF821714559,,
Limit buy,2021-01-13 15:09:41,CA98980M1095,ZOM,"Zomedica",15.0000000000,0.95,USD,1.21631,,11.65,,,,,,,EOF822804140,,
Market buy,2021-01-13 15:18:24,US46625H1005,JPM,"JPMorgan Chase",0.6143000000,139.26,USD,1.21698,,70.29,,,,,,,EOF822815433,,
Limit buy,2021-01-13 15:36:22,US00874R1032,AIAD,"AIADVERTISING",175.0000000000,0.16,USD,1.21773,,22.28,,,,,,,EOF823733057,,
Limit buy,2021-01-14 13:00:00,US6540901096,NJDCY,"Nidec",1.0000000000,34.86,USD,1.21281,,28.74,,,,,,,EOF828644065,,
Market buy,2021-01-14 15:33:07,US2937921078,EPD,"Enterprise Products Partners",0.7670000000,22.91,USD,1.21222,,14.50,,,,,,,EOF830859956,,
Limit buy,2021-01-14 16:21:37,US00874R1032,AIAD,"AIADVERTISING",175.0000000000,0.12,USD,1.21415,,17.30,,,,,,,EOF831819636,,
Stop limit sell,2021-01-14 16:28:40,US00874R1032,AIAD,"AIADVERTISING",850.0000000000,0.12,USD,1.21477,3.21,81.17,,,,,,,EOF831827750,,
Limit buy,2021-01-14 16:55:32,US00874R1032,AIAD,"AIADVERTISING",175.0000000000,0.11,USD,1.21548,,15.84,,,,,,,EOF832399521,,
Limit buy,2021-01-14 16:56:09,US00874R1032,AIAD,"AIADVERTISING",175.0000000000,0.11,USD,1.21547,,15.12,,,,,,,EOF832399778,,
Limit buy,2021-01-14 17:06:35,US89388L1089,TLSS,"Transportation and Logistics Systems",250.0000000000,0.06,USD,1.21514,,11.93,,,,,,,EOF832405194,,
Market buy,2021-01-15 08:00:24,FR0013176526,FR,"Valeo",0.2360000000,31.39,EUR,1.00000,,7.43,,,,,,,EOF834319349,0.02,
Limit buy,2021-01-15 13:00:46,US00874R1032,AIAD,"AIADVERTISING",175.0000000000,0.12,USD,1.21138,,17.34,,,,,,,EOF836652097,,
Limit buy,2021-01-15 13:04:18,US00874R1032,AIAD,"AIADVERTISING",25.0000000000,0.11,USD,1.21157,,2.27,,,,,,,EOF836654625,,
Limit buy,2021-01-15 13:04:29,US00874R1032,AIAD,"AIADVERTISING",150.0000000000,0.11,USD,1.21150,,13.62,,,,,,,EOF836654780,,
Limit buy,2021-01-15 14:33:35,US62914V1061,NIO,"NIO Inc",1.0000000000,59.82,USD,1.21128,,49.38,,,,,,,EOF837438990,,
Limit buy,2021-01-15 15:05:02,US37045V1008,GM,"General Motors",1.0000000000,49.70,USD,1.20925,,41.10,,,,,,,EOF838118087,,
Deposit,2021-01-18 14:10:58,,,,,,,,,1000.00,,,1000.00,,,"Bank Transfer",6bd7a824-6ecb-4107-b0c4-0c6bf6bd853e,,
Limit buy,2021-01-19 14:31:21,US8036071004,SRPT,"Sarepta Therapeutics",1.0000000000,92.00,USD,1.21361,,75.81,,,,,,,EOF848730170,,
Limit buy,2021-01-19 14:34:50,US9311421039,WMT,"Walmart",1.0000000000,143.90,USD,1.21339,,118.59,,,,,,,EOF850618276,,
Market buy,2021-01-19 14:37:33,US00724F1012,ADBE,"Adobe Systems",0.5000000000,460.52,USD,1.21309,,189.81,,,,,,,EOF851435381,,
Limit buy,2021-01-19 14:38:15,US68389X1054,ORCL,"Oracle",1.0000000000,61.90,USD,1.21298,,51.03,,,,,,,EOF851437480,,
Limit buy,2021-01-19 15:07:57,US1729674242,C,"Citigroup",2.0000000000,63.40,USD,1.21212,,104.61,,,,,,,EOF852344063,,
Limit buy,2021-01-20 14:43:51,US00874R1032,AIAD,"AIADVERTISING",175.0000000000,0.10,USD,1.20987,,14.18,,,,,,,EOF859597895,,
Limit buy,2021-01-20 15:02:02,US00874R1032,AIAD,"AIADVERTISING",175.0000000000,0.09,USD,1.20846,,12.67,,,,,,,EOF860483409,,
Limit buy,2021-01-20 15:24:05,US00874R1032,AIAD,"AIADVERTISING",175.0000000000,0.08,USD,1.21062,,11.29,,,,,,,EOF860518373,,
Limit buy,2021-01-20 15:43:19,US3743964062,GEVO,"Gevo",3.0000000000,8.50,USD,1.21111,,21.06,,,,,,,EOF861244749,,
Limit buy,2021-01-21 12:35:05,IE00BJGWQN72,WCLD,"WisdomTree Cloud Computing",2.0000000000,55.47,USD,1.21467,,91.33,,,,,,,EOF866108473,,
Limit buy,2021-01-21 14:30:22,US5502411037,LUMN,"Lumen Technologies",3.0000000000,11.12,USD,1.21430,,27.47,,,,,,,EOF866129983,,
Market buy,2021-01-21 14:50:33,IE00BYZK4776,HEAL,"iShares Healthcare Innovation",2.5110000000,10.88,USD,1.21413,,22.50,,,,,,,EOF866777759,,
Limit buy,2021-01-21 15:01:08,IE00BG5J1M21,CBSX,"The Medical Cannabis and Wellness ETF",9.0000000000,11.30,EUR,1.00000,,101.70,,,,,,,EOF867890207,,
Market buy,2021-01-21 15:07:08,IE00B1XNHC34,INRG,"iShares Global Clean Energy",6.0000000000,1321.00,GBX,88.47379,,89.59,,,,,,,EOF867895851,,
Limit buy,2021-01-21 15:10:42,US0605051046,BAC,"Bank of America",2.0000000000,31.80,USD,1.21559,,52.32,,,,,,,EOF867899737,,
Limit buy,2021-01-21 15:36:21,US4837091010,KNDI,"Kandi",5.0000000000,7.90,USD,1.21633,,32.47,,,,,,,EOF867923671,,
Stop limit sell,2021-01-22 14:32:48,CA98980M1095,ZOM,"Zomedica",15.0000000000,0.97,USD,1.21632,0.31,11.96,,,,,0.00,,EOF872966688,,
Market buy,2021-01-25 20:17:30,US30303M1027,FB,"Meta Platforms",0.0759919000,276.77,USD,1.21363,,17.33,,,,,,,EOF890873048,,
Limit sell,2021-01-27 14:49:19,US5502411037,LUMN,"Lumen Technologies",3.0000000000,15.00,USD,1.20634,9.83,37.30,,,,,0.00,,EOF904689517,,
Deposit,2021-01-28 14:07:47,,,,,,,,,250.00,,,250.00,,,"Bank Transfer",bb09cc7d-39bb-41b1-a888-fade99a8eb9e,,
Limit buy,2021-01-29 18:17:45,US11135E2037,BNL,"Broadstone Net Lease",3.0000000000,18.00,USD,1.21273,,44.53,,,,,,,EOF939197077,,
Market buy,2021-02-01 11:22:12,IE00BGL86Z12,ECAR,"iShares Electric Vehicles and Driving Technology",2.3800000000,7.60,USD,1.20777,,14.98,,,,,,,EOF942977971,,
Deposit,2021-02-01 14:18:09,,,,,,,,,330.00,,,330.00,,,"Bank Transfer",f0b77451-d680-4e3e-bba7-9aed2542cd74,,
Limit buy,2021-02-01 14:32:01,US7561091049,O,"Realty Income",1.0000000000,59.11,USD,1.20917,,48.88,,,,,,,EOF945440382,,
Limit buy,2021-02-01 14:50:29,US38113L1070,GNOG,"Golden Nugget Online Gaming",1.0000000000,18.00,USD,1.20896,,14.89,,,,,,,EOF946359971,,
Limit buy,2021-02-01 14:53:52,IE00BLRPRL42,QQQ3,"WisdomTree NASDAQ 100 3x",1.0000000000,134.00,USD,1.20873,,110.86,,,,,,,EOF946368323,,
Market buy,2021-02-01 14:55:39,US92259F1012,VLDR,"Velodyne Lidar",0.3700000000,21.07,USD,1.20884,,6.45,,,,,,,EOF946372696,,
Limit buy,2021-02-01 14:56:47,US0079031078,AMD,"Advanced Micro Devices",1.0000000000,85.00,USD,1.20906,,70.30,,,,,,,EOF946375582,,
Limit buy,2021-02-01 15:56:53,US6496045013,NYMT,"New York Mortgage Trust",10.0000000000,3.69,USD,1.20798,,30.51,,,,,,,EOF948469981,,
Limit sell,2021-02-01 16:13:09,US98980F1049,ZI,"ZoomInfo",1.0000000000,50.00,USD,1.20802,4.23,41.39,,,,,0.00,,EOF949637284,,
Market sell,2021-02-01 17:08:45,US98980F1049,ZI,"ZoomInfo",1.0193330000,50.24,USD,1.20697,4.55,42.43,,,,,,,EOF950683826,,
Limit sell,2021-02-01 17:59:20,US98138J2069,WKHS,"Workhorse",3.0000000000,37.40,USD,1.20712,38.68,92.95,,,,,0.00,,EOF950719360,,
Market buy,2021-02-02 14:43:20,US30303M1027,FB,"Meta Platforms",0.2240000000,264.82,USD,1.20263,,49.32,,,,,,,EOF956472686,,
Limit buy,2021-02-02 15:42:30,US98138J2069,WKHS,"Workhorse",1.0000000000,34.50,USD,1.20233,,28.69,,,,,,,EOF959971803,,
Limit buy,2021-02-02 15:47:07,US98980F1049,ZI,"ZoomInfo",1.0000000000,46.90,USD,1.20193,,39.02,,,,,,,EOF960736366,,
Limit buy,2021-02-02 16:21:59,KYG9103H1020,TRIRF,"Triterras",1.0000000000,7.28,USD,1.20268,,6.05,,,,,,,EOF961484623,,
Limit buy,2021-02-02 16:23:16,KYG9103H1020,TRIRF,"Triterras",1.0000000000,7.10,USD,1.20250,,5.90,,,,,,,EOF961486104,,
Limit sell,2021-02-02 16:32:18,US26142R1041,DKNG,"DraftKings",1.0000000000,60.00,USD,1.20301,10.68,49.87,,,,,0.00,,EOF961495180,,
Limit buy,2021-02-02 17:54:11,US5502411037,LUMN,"Lumen Technologies",2.0000000000,11.50,USD,1.20148,,19.14,,,,,,,EOF962743619,,
Limit buy,2021-02-02 18:36:53,CA37958K1093,REZZF,"Global Battery Metals",100.0000000000,0.32,USD,1.20208,,26.62,,,,,,,EOF962764107,,
Limit buy,2021-02-02 20:36:44,US62914V1061,NIO,"NIO Inc",1.0000000000,56.00,USD,1.20183,,46.60,,,,,,,EOF964683354,,
Limit sell,2021-02-02 20:56:57,US98980F1049,ZI,"ZoomInfo",1.0000000000,50.98,USD,1.20384,3.33,42.35,,,,,0.00,,EOF964696240,,
Limit sell,2021-02-03 15:56:54,US6544051096,NMTR,"9 Meters Biopharma",20.0000000000,1.55,USD,1.20133,1.68,25.80,,,,,0.00,,EOF970149382,,
Limit buy,2021-02-04 14:30:36,US70451X1046,PAYO,"Payoneer Global",1.0000000000,14.20,USD,1.19848,,11.85,,,,,,,EOF975987836,,
Limit sell,2021-02-04 20:10:22,US98138J2069,WKHS,"Workhorse",1.0000000000,42.00,USD,1.19679,6.40,35.09,,,,,0.00,,EOF982888207,,
Limit buy,2021-02-05 14:30:31,US44951Y1029,HYZN,"Hyzon Motors",1.0000000000,16.44,USD,1.20159,,13.68,,,,,,,EOF987194958,,
Limit buy,2021-02-05 15:03:22,IE00B1XNHC34,INRG,"iShares Global Clean Energy",4.0000000000,1288.00,GBX,87.60379,,58.81,,,,,,,EOF989389332,,
Market buy,2021-02-05 18:45:18,US70614W1009,PTON,"Peloton Interactive",0.5000000000,147.52,USD,1.20440,,61.24,,,,,,,EOF992713155,,
Dividend (Ordinary),2021-02-05 19:56:37,US46625H1005,JPM,"JPMorgan Chase",0.3857044000,0.81,USD,Not available,,0.26,0.03,USD,,,,,,,
Limit buy,2021-02-08 08:04:31,GB00B8YZTJ80,VRS,"Versarien",50.0000000000,50.00,GBX,87.65117,,28.52,,,,,,,EOF996512301,,
Limit buy,2021-02-08 09:30:47,IE00BKLF1R75,VOLT,"WisdomTree Battery Solutions",2.0000000000,47.80,USD,1.20233,,79.51,,,,,,,EOF997238423,,
Market buy,2021-02-08 14:38:48,US50202M1027,LI,"Li Auto",1.0000000000,29.94,USD,1.20549,,24.84,,,,,,,EOF1000145206,,
Limit sell,2021-02-08 14:40:07,US15961R1059,CHPT,"ChargePoint Holdings",8.0000000000,42.00,USD,1.20572,64.78,278.66,,,,0.01,0.00,,EOF1000148570,,
Market buy,2021-02-09 08:31:48,IE00B0M63284,IPRP,"iShares European Property Yield",1.2700000000,3402.50,GBX,87.64010,,49.31,,,,,,,EOF1010046738,,
Market sell,2021-02-09 20:42:07,US63910B1026,NLS,"Nautilus Group",2.0000000000,30.87,USD,1.21204,19.99,50.94,,,,,,,EOF1019544672,,
Market buy,2021-02-10 14:54:19,US37045V1008,GM,"General Motors",1.0000000000,53.62,USD,1.21254,,44.22,,,,,,,EOF1023621132,,
Market buy,2021-02-10 15:22:01,US70451X1046,PAYO,"Payoneer Global",1.0000000000,12.93,USD,1.21262,,10.66,,,,,,,EOF1024725546,,
Market buy,2021-02-10 15:35:48,US74736K1016,QRVO,"Qorvo",0.5000000000,166.65,USD,1.21302,,68.69,,,,,,,EOF1025501145,,
Market buy,2021-02-10 19:37:52,US03945R1023,ACHR,"Archer Aviation",1.0000000000,14.33,USD,1.21251,,11.82,,,,,,,EOF1029499984,,
Market buy,2021-02-11 13:19:42,CA66979W8429,NMG,"Nouveau Monde Graphite ",15.0000000000,2.17,USD,1.21432,,26.80,,,,,,,EOF1031364730,,
Market buy,2021-02-11 14:41:55,US38113L1070,GNOG,"Golden Nugget Online Gaming",0.5790000000,17.95,USD,1.21419,,8.56,,,,,,,EOF1033732842,,
Market buy,2021-02-11 17:29:02,US35953D1046,FUBO,"fuboTV",0.5000000000,43.47,USD,1.21201,,17.93,,,,,,,EOF1037989450,,
Market buy,2021-02-11 20:26:13,US59833H1014,MEEC,"Midwest Energy Emissions",30.0000000000,1.20,USD,1.21326,,29.67,,,,,,,EOF1039747473,,
Limit buy,2021-02-12 14:39:03,US0378331005,AAPL,"Apple",1.0000000000,134.00,USD,1.20877,,110.86,,,,,,,EOF1041861293,,
Market buy,2021-02-12 15:59:28,CA66979W8429,NMG,"Nouveau Monde Graphite ",5.0000000000,2.02,USD,1.21167,,8.34,,,,,,,EOF1044213246,,
Market buy,2021-02-12 20:25:43,US60938K1060,ML,"MoneyLion",2.0000000000,11.28,USD,1.21128,,18.62,,,,,,,EOF1046900498,,
Market buy,2021-02-12 20:37:54,US7475251036,QCOM,"Qualcomm",0.2461955000,147.59,USD,1.21119,,30.00,,,,,,,EOF1046906537,,
Dividend (Return of capital),2021-02-15 10:11:03,US2937921078,EPD,"Enterprise Products Partners",2.0000960000,0.45,USD,Not available,,0.74,0.00,USD,,,,,,,
Dividend (Ordinary),2021-02-23 12:44:14,US00287Y1091,ABBV,"AbbVie",1.0000000000,1.17,USD,Not available,,0.96,0.13,USD,,,,,,,
Limit sell,2021-02-23 14:36:26,IE00BLRPRL42,QQQ3,"WisdomTree NASDAQ 100 3x",3.0000000000,132.00,USD,1.21484,1.43,325.97,,,,,,,EOF1100297757,,
Limit buy,2021-02-24 08:50:31,IE00B1XNHC34,INRG,"iShares Global Clean Energy",10.0000000000,1074.00,GBX,85.78570,,125.20,,,,,,,EOF1105670197,,
Market buy,2021-02-24 08:55:53,IE00BDVPNG13,WTAI,"WisdomTree Artificial Intelligence",1.0000000000,65.70,USD,1.21660,,54.00,,,,,,,EOF1105671589,,
Market buy,2021-02-24 14:30:05,US92259F1012,VLDR,"Velodyne Lidar",2.0000000000,17.01,USD,1.21290,,28.05,,,,,,,EOF1107360821,,
Market buy,2021-02-24 14:30:07,US38113L1070,GNOG,"Golden Nugget Online Gaming",4.0000000000,15.94,USD,1.21287,,52.57,,,,,,,EOF1107361487,,
Market buy,2021-02-24 14:30:16,CA1366351098,CSIQ,"Canadian Solar",1.0000000000,46.92,USD,1.21287,,38.69,,,,,,,EOF1107366655,,
Market buy,2021-02-24 14:35:44,US69608A1088,PLTR,"Palantir",1.0000000000,26.78,USD,1.21287,,22.08,,,,,,,EOF1107782088,,
Market buy,2021-02-24 15:34:11,US7820111000,RSI,"Rush Street Interactive",0.5155710000,16.46,USD,1.21234,,7.00,,,,,,,EOF1108790673,,
Market sell,2021-02-24 16:10:05,US46625H1005,JPM,"JPMorgan Chase",1.0000044000,152.67,USD,1.21319,15.55,125.84,,,,,,,EOF1108816153,,
Market sell,2021-02-24 17:20:15,US5951121038,MU,"Micron Technology",1.0000000000,90.93,USD,1.21462,11.89,74.86,,,,,,,EOF1109651501,,
Limit sell,2021-02-24 19:52:25,US5533681012,MP,"MP Materials",3.0000000000,43.00,USD,1.21497,32.70,106.18,,,,,0.00,,EOF1110351979,,
Market buy,2021-02-24 19:56:06,US98138J2069,WKHS,"Workhorse",1.0000000000,14.72,USD,1.21452,,12.12,,,,,,,EOF1110353054,,
Market buy,2021-02-24 19:57:06,US63008G2030,NNDM,"Nano Dimension ",1.0000000000,11.76,USD,1.21462,,9.68,,,,,,,EOF1110353313,,
Limit buy,2021-02-25 09:07:52,IE00BLRPRL42,QQQ3,"WisdomTree NASDAQ 100 3x",1.0000000000,140.00,USD,1.22041,,114.72,,,,,,,EOF1111178429,,
Market buy,2021-02-25 15:04:01,US69608A1088,PLTR,"Palantir",1.0000000000,25.20,USD,1.22325,,20.60,,,,,,,EOF1113752428,,
Market buy,2021-02-25 17:05:13,US63008G2030,NNDM,"Nano Dimension ",1.0000000000,10.92,USD,1.22293,,8.93,,,,,,,EOF1114625014,,
Market buy,2021-02-25 17:06:51,US30303M1027,FB,"Meta Platforms",0.3000000000,259.31,USD,1.22292,,63.61,,,,,,,EOF1114625701,,
Market buy,2021-02-25 19:53:04,US0272631021,AMLM,"American Lithium Minerals",50.0000000000,0.45,USD,1.21816,,18.39,,,,,,,EOF1116605496,,
Market buy,2021-03-01 17:06:33,US38113L1070,GNOG,"Golden Nugget Online Gaming",4.0000000000,14.33,USD,1.20568,,47.54,,,,,,,EOF1128352139,,
Market buy,2021-03-02 20:56:15,US63008G2030,NNDM,"Nano Dimension ",1.0000000000,9.61,USD,1.20863,,7.95,,,,,,,EOF1134650309,,
Deposit,2021-03-03 06:03:14,,,,,,,,,696.00,,,696.00,,,"Bank Transfer",350e8d46-5a13-42df-9d26-b9daa6eb22b4,,
Limit buy,2021-03-03 15:29:49,IE00BLRPRL42,QQQ3,"WisdomTree NASDAQ 100 3x",2.0000000000,127.92,USD,1.20503,,212.31,,,,,,,EOF1136529965,,
Market buy,2021-03-03 15:31:14,US98138J2069,WKHS,"Workhorse",1.0000000000,15.34,USD,1.20511,,12.73,,,,,,,EOF1136530756,,
Market buy,2021-03-03 15:32:06,US30303M1027,FB,"Meta Platforms",0.4001000000,257.19,USD,1.20516,,85.38,,,,,,,EOF1136531200,,
Limit buy,2021-03-03 15:35:33,IE00BJGWQN72,WCLD,"WisdomTree Cloud Computing",2.0000000000,51.30,USD,1.20577,,85.09,,,,,,,EOF1137483030,,
Market buy,2021-03-03 15:47:05,US62914V1061,NIO,"NIO Inc",2.0000000000,43.59,USD,1.20617,,72.28,,,,,,,EOF1137489747,,
Market buy,2021-03-03 15:55:20,US9311421039,WMT,"Walmart",0.5000000000,128.75,USD,1.20706,,53.33,,,,,,,EOF1137494258,,
Market buy,2021-03-03 15:56:16,US0231351067,AMZN,"Amazon",0.0236942400,3056.51,USD,1.20703,,60.00,,,,,,,EOF1137494607,,
Limit buy,2021-03-03 15:57:37,IE00B1XNHC34,INRG,"iShares Global Clean Energy",10.0000000000,1020.00,GBX,86.41170,,118.04,,,,,,,EOF1137495125,,
Market sell,2021-03-05 19:28:21,US00287Y1091,ABBV,"AbbVie",1.0000000000,106.06,USD,1.19141,3.33,89.02,,,,,,,EOF1149555014,,
Market sell,2021-03-05 19:30:30,US0605051046,BAC,"Bank of America",2.0000000000,36.86,USD,1.19150,9.55,61.87,,,,,,,EOF1149555675,,
Market sell,2021-03-05 19:33:14,US68389X1054,ORCL,"Oracle",1.0000000000,70.12,USD,1.19167,7.81,58.84,,,,,,,EOF1149556280,,
Limit buy,2021-03-08 08:05:25,IE00BLRPRL42,QQQ3,"WisdomTree NASDAQ 100 3x",1.0000000000,115.00,USD,1.18873,,96.74,,,,,,,EOF1152148202,,
Market buy,2021-03-08 15:55:30,US62914V1061,NIO,"NIO Inc",1.0000000000,37.72,USD,1.18587,,31.81,,,,,,,EOF1155869789,,
Market buy,2021-03-08 17:42:55,US69608A1088,PLTR,"Palantir",1.0000000000,23.34,USD,1.18563,,19.69,,,,,,,EOF1156524625,,
Dividend (Ordinary),2021-03-08 17:43:05,US1729674242,C,"Citigroup",3.0000000000,0.46,USD,Not available,,1.16,0.15,USD,,,,,,,
Market buy,2021-03-08 19:08:07,US7475251036,QCOM,"Qualcomm",0.4169249000,125.07,USD,1.18511,,44.00,,,,,,,EOF1156957251,,
Market buy,2021-03-08 19:09:47,US0079031078,AMD,"Advanced Micro Devices",0.3030000000,75.42,USD,1.18528,,19.28,,,,,,,EOF1156957756,,
Deposit,2021-03-09 07:31:54,,,,,,,,,255.56,,,255.56,,,"Bank Transfer",9588407c-f930-47e1-9658-54f6f89714c9,,
Dividend (Ordinary),2021-03-09 15:00:12,US9497461015,WFC,"Wells Fargo",2.0000000000,0.09,USD,Not available,,0.15,0.02,USD,,,,,,,
Market buy,2021-03-09 15:43:06,US69608A1088,PLTR,"Palantir",4.0000000000,24.03,USD,1.18956,,80.80,,,,,,,EOF1160977403,,
Market buy,2021-03-10 14:44:30,IE00BDVPNG13,WTAI,"WisdomTree Artificial Intelligence",1.0000000000,61.31,USD,1.19210,,51.43,,,,,,,EOF1167014740,,
Market buy,2021-03-10 15:00:57,XS2193972598,3LTS,"3x Long Tesla GraniteShares",1.0000000000,52.96,USD,1.19089,,44.47,,,,,,,EOF1167794239,,
Market buy,2021-03-11 13:53:01,XS2193972598,3LTS,"3x Long Tesla GraniteShares",1.0000000000,52.23,USD,1.19479,,43.71,,,,,,,EOF1177211658,,
Market buy,2021-03-11 15:52:12,US35953D1046,FUBO,"fuboTV",0.5000000000,32.88,USD,1.19629,,13.74,,,,,,,EOF1179150546,,
Market buy,2021-03-11 16:02:48,US92259F1012,VLDR,"Velodyne Lidar",1.5000000000,13.33,USD,1.19603,,16.72,,,,,,,EOF1179482333,,
Market sell,2021-03-15 14:15:22,US74767V1098,QS,"QuantumScape",1.0000000000,64.51,USD,1.19269,7.99,54.09,,,,,,,EOF1194329956,,
Market sell,2021-03-15 14:16:04,US7501021056,RXT,"Rackspace Technology",2.0000000000,23.83,USD,1.19265,8.98,39.96,,,,,,,EOF1194334171,,
Market buy,2021-03-16 15:19:52,US7475251036,QCOM,"Qualcomm",0.3379000000,134.94,USD,1.18909,,38.35,,,,,,,EOF1204098796,,
Market buy,2021-03-16 18:56:29,CA1366351098,CSIQ,"Canadian Solar",1.0000000000,42.42,USD,1.19031,,35.64,,,,,,,EOF1205371129,,
Market buy,2021-03-16 18:57:24,US60938K1060,ML,"MoneyLion",2.0000000000,10.20,USD,1.19024,,17.14,,,,,,,EOF1205371337,,
Dividend (Ordinary),2021-03-18 14:54:34,US7561091049,O,"Realty Income",1.0000000000,0.21,USD,Not available,,0.18,0.02,USD,,,,,,,
Market sell,2021-03-18 19:13:21,US8177631053,SESN,"Sesen Bio ",15.0000000000,3.12,USD,1.19141,21.67,39.28,,,,,,,EOF1214090541,,
Market buy,2021-03-18 19:15:05,US0079031078,AMD,"Advanced Micro Devices",0.6974800000,78.75,USD,1.19121,,46.11,,,,,,,EOF1214091092,,
Market sell,2021-03-22 16:49:45,US3743964062,GEVO,"Gevo",3.0000000000,9.98,USD,1.19390,4.02,25.08,,,,,,,EOF1222425685,,
Market sell,2021-03-22 16:55:09,US5502411037,LUMN,"Lumen Technologies",2.0000000000,14.23,USD,1.19389,4.70,23.84,,,,,,,EOF1222426948,,
Market buy,2021-03-22 17:30:11,US02451V1017,ABML,"American Battery Technology",25.0000000000,1.68,USD,1.19392,,35.18,,,,,,,EOF1222434358,,
Dividend (Ordinary),2021-03-23 07:54:08,US5502411037,LUMN,"Lumen Technologies",2.0000000000,0.23,USD,Not available,,0.38,0.05,USD,,,,,,,
Market sell,2021-03-23 14:28:09,US77311W1018,RKT,"Rocket Companies",3.0000000000,23.97,USD,1.18750,7.84,60.56,,,,,,,EOF1224602202,,
Market buy,2021-03-23 19:15:52,US5533681012,MP,"MP Materials",2.0000000000,37.29,USD,1.18514,,62.93,,,,,,,EOF1226583041,,
Market sell,2021-03-24 15:21:32,CA72706K1012,PLNHF,"Planet 13",1.3035800000,6.35,USD,1.18284,1.00,7.00,,,,,,,EOF1228347237,,
Market sell,2021-03-24 15:24:08,US8902607063,TNXP,"Tonix",15.0000000000,1.32,USD,1.18293,7.02,16.74,,,,,,,EOF1228348016,,
Market buy,2021-03-24 19:03:17,US03945R1023,ACHR,"Archer Aviation",4.0000000000,10.01,USD,1.18180,,33.88,,,,,,,EOF1229455000,,
Dividend (Ordinary),2021-03-25 09:39:28,US77311W1018,RKT,"Rocket Companies",3.0000000000,1.00,USD,Not available,,2.54,0.33,USD,,,,,,,
Deposit,2021-03-26 07:04:58,,,,,,,,,613.36,,,613.36,,,"Bank Transfer",a4b5b46c-0e53-4c24-b51f-08c873186ab3,,
Market buy,2021-03-26 18:58:40,US70614W1009,PTON,"Peloton Interactive",0.5000000000,104.09,USD,1.17894,,44.15,,,,,,,EOF1236992183,,
Dividend (Ordinary),2021-03-29 11:36:44,US7475251036,QCOM,"Qualcomm",0.2461955000,0.59,USD,Not available,,0.12,0.02,USD,,,,,,,
Dividend (Ordinary),2021-03-29 15:37:14,US94106L1098,WM,"Waste Management",1.0000000000,0.52,USD,Not available,,0.44,0.06,USD,,,,,,,
Dividend (Ordinary),2021-03-29 16:36:47,US0605051046,BAC,"Bank of America",2.0000000000,0.16,USD,Not available,,0.28,0.04,USD,,,,,,,
Market buy,2021-03-30 10:49:01,IE00BJGWQN72,WCLD,"WisdomTree Cloud Computing",2.0000000000,45.09,USD,1.17363,,76.84,,,,,,,EOF1242247893,,
Market buy,2021-03-30 13:38:23,US92259F1012,VLDR,"Velodyne Lidar",5.4970000000,11.19,USD,1.17174,,52.50,,,,,,,EOF1243171416,,
Market buy,2021-03-30 14:53:09,US35953D1046,FUBO,"fuboTV",1.0000000000,22.00,USD,1.17257,,18.76,,,,,,,EOF1243209272,,
Market buy,2021-03-30 15:22:24,US0567521085,BIDU,"Baidu Class A",0.5000000000,221.44,USD,1.17258,,94.42,,,,,,,EOF1244118201,,
Limit buy,2021-03-30 18:21:47,US0378331005,AAPL,"Apple",1.0000000000,119.50,USD,1.17141,,102.01,,,,,,,EOF1244141916,,
Market buy,2021-03-30 19:57:47,US7820111000,RSI,"Rush Street Interactive",1.4850000000,15.27,USD,1.17158,,19.35,,,,,,,EOF1244154674,,
Market buy,2021-04-01 15:06:53,US6541061031,NKE,"Nike",0.4500000000,133.65,USD,1.17532,,51.17,,,,,,,EOF1250281317,,
Market buy,2021-04-01 19:14:29,US8740391003,TSM,"Taiwan Semiconductor",0.5000000000,124.66,USD,1.17684,,52.96,,,,,,,EOF1251386344,,
Market buy,2021-04-06 08:18:10,IE00BMC38736,SMGB,"VanEck Semiconductor",4.0000000000,17.54,GBP,0.85184,,82.47,,,,,,,EOF1259388893,,0.12
Market buy,2021-04-06 15:12:55,US72919P2020,PLUG,"Plug Power",0.8000000000,34.38,USD,1.18414,,23.26,,,,,,,EOF1260801090,,0.03
Dividend (Ordinary),2021-04-09 11:45:58,US9311421039,WMT,"Walmart",1.5000000000,0.50,USD,Not available,,0.62,0.08,USD,,,,,,,
Market sell,2021-04-12 14:23:46,US09075F1075,BNGO,"BioNano",15.0000000000,7.12,USD,1.19189,35.71,89.60,,,,,,,EOF1274195085,,
Market buy,2021-04-12 19:38:55,US92556H2067,PARA,"Paramount Global",1.0000000000,40.11,USD,1.19023,,33.75,,,,,,,EOF1275207720,,0.05
Limit sell,2021-04-14 08:01:16,XS2193972598,3LTS,"3x Long Tesla GraniteShares",2.0000000000,63.00,USD,1.19587,17.18,105.36,,,,,,,EOF1278449532,,
Market sell,2021-04-14 14:45:06,US11135E2037,BNL,"Broadstone Net Lease",3.0000000000,18.94,USD,1.19687,2.94,47.47,,,,,0.00,,EOF1280299806,,
Market buy,2021-04-14 19:01:29,US72919P2020,PLUG,"Plug Power",1.2000000000,28.41,USD,1.19696,,28.52,,,,,,,EOF1284025255,,0.04
Market buy,2021-04-15 15:10:37,US8740391003,TSM,"Taiwan Semiconductor",0.5000000000,117.58,USD,1.19708,,49.18,,,,,,,EOF1285585163,,0.07
Market buy,2021-04-15 15:11:09,US15961R1059,CHPT,"ChargePoint Holdings",1.0000000000,22.83,USD,1.19712,,19.10,,,,,,,EOF1285585583,,0.03
Market buy,2021-04-15 15:11:42,US72919P2020,PLUG,"Plug Power",1.0000000000,26.40,USD,1.19703,,22.08,,,,,,,EOF1285585730,,0.03
Market buy,2021-04-15 18:19:18,US63008G2030,NNDM,"Nano Dimension ",2.0000000000,6.98,USD,1.19716,,11.68,,,,,,,EOF1286576728,,0.02
Market buy,2021-04-15 18:20:01,US98138J2069,WKHS,"Workhorse",1.0000000000,11.65,USD,1.19713,,9.74,,,,,,,EOF1286576789,,0.01
Market buy,2021-04-19 13:39:34,US5533681012,MP,"MP Materials",1.0000000000,30.17,USD,1.20251,,25.13,,,,,,,EOF1291330158,,0.04
Market buy,2021-04-19 13:43:58,US44951Y1029,HYZN,"Hyzon Motors",1.0000000000,10.00,USD,1.20240,,8.33,,,,,,,EOF1291332770,,0.01
Market buy,2021-04-19 13:49:55,US87663X1028,TTCF,"Tattooed Chef",1.0000000000,17.17,USD,1.20230,,14.30,,,,,,,EOF1291342041,,0.02
Dividend (Ordinary),2021-04-19 15:09:48,US11135E2037,BNL,"Broadstone Net Lease",3.0000000000,0.23,USD,Not available,,0.56,0.08,USD,,,,,,,
Dividend (Ordinary),2021-04-19 16:07:33,US7561091049,O,"Realty Income",1.0000000000,0.21,USD,Not available,,0.18,0.02,USD,,,,,,,
Market buy,2021-04-20 15:08:10,US23130Q1076,CURI,"CuriosityStream",2.0000000000,12.71,USD,1.20440,,21.14,,,,,,,EOF1294538413,,0.03
Dividend (Ordinary),2021-04-27 13:06:07,US6496045013,NYMT,"New York Mortgage Trust",10.0000000000,0.09,USD,Not available,,0.74,0.10,USD,,,,,,,
Deposit,2021-05-06 07:56:16,,,,,,,,,613.31,,,613.31,,,"Bank Transfer",343e8fc0-97cb-4a11-9994-53ce0a8555a4,,
Market buy,2021-05-06 17:25:31,US52603B1070,TREE,"Lendingtree",0.1581000000,191.69,USD,1.20489,,25.19,,,,,,,EOF1326372807,,0.04
Market buy,2021-05-06 17:28:53,US98138J2069,WKHS,"Workhorse",3.0000000000,9.66,USD,1.20499,,24.09,,,,,,,EOF1326373324,,0.04
Market buy,2021-05-06 17:31:22,US8676524064,SPWR,"SunPower",4.0000000000,22.61,USD,1.20470,,75.18,,,,,,,EOF1326373681,,0.11
Market buy,2021-05-06 17:35:50,CA1366351098,CSIQ,"Canadian Solar",2.0000000000,38.85,USD,1.20466,,64.60,,,,,,,EOF1326374755,,0.10
Market buy,2021-05-06 17:46:24,US70614W1009,PTON,"Peloton Interactive",1.0000000000,82.18,USD,1.20494,,68.30,,,,,,,EOF1326376362,,0.10
Market buy,2021-05-07 07:00:59,IE00B1XNHC34,INRG,"iShares Global Clean Energy",10.0000000000,891.25,GBX,86.68069,,102.97,,,,,,,EOF1326400325,,0.15
Market buy,2021-05-07 07:04:06,IE00BMC38736,SMGB,"VanEck Semiconductor",6.0000000000,16.64,GBP,0.86666,,115.38,,,,,,,EOF1326400812,,0.17
Market buy,2021-05-07 07:05:02,IE00BJGWQN72,WCLD,"WisdomTree Cloud Computing",2.0000000000,46.00,USD,1.20608,,76.39,,,,,,,EOF1326400944,,0.11
Market buy,2021-05-10 13:46:51,US77311W1018,RKT,"Rocket Companies",1.0000000000,17.44,USD,1.21573,,14.37,,,,,,,EOF1329704503,,0.02
Market buy,2021-05-10 13:52:00,US74736K1016,QRVO,"Qorvo",0.3000000000,171.95,USD,1.21588,,42.49,,,,,,,EOF1329707380,,0.06
Market sell,2021-05-10 15:16:55,IE00B0M63284,IPRP,"iShares European Property Yield",2.0008424300,3576.50,GBX,86.06789,3.83,83.02,,,,,,,EOF1330885795,,0.12
Market sell,2021-05-10 15:20:00,US2937921078,EPD,"Enterprise Products Partners",2.0000960000,23.54,USD,1.21610,4.22,38.66,,,,,,,EOF1330886585,,0.06
Limit buy,2021-05-10 15:20:30,IE00BLRPRL42,QQQ3,"WisdomTree NASDAQ 100 3x",1.0000000000,143.97,USD,1.21566,,118.61,,,,,,,EOF1330886684,,0.18
Deposit,2021-05-12 07:04:52,,,,,,,,,306.66,,,306.66,,,"Bank Transfer",c51e743f-cdd8-4dc3-9352-70d8c9df9471,,
Market buy,2021-05-12 14:35:10,US38113L1070,GNOG,"Golden Nugget Online Gaming",3.0000000000,11.06,USD,1.20757,,27.52,,,,,,,EOF1335438665,,0.04
Market buy,2021-05-12 14:47:49,US23130Q1076,CURI,"CuriosityStream",2.0000000000,9.25,USD,1.20753,,15.34,,,,,,,EOF1335441463,,0.02
Limit buy,2021-05-12 14:50:56,IE00BLRPRL42,QQQ3,"WisdomTree NASDAQ 100 3x",1.0000000000,130.00,USD,1.20697,,107.87,,,,,,,EOF1335442331,,0.16
Market buy,2021-05-12 15:12:05,US0079031078,AMD,"Advanced Micro Devices",1.0000000000,74.96,USD,1.20710,,62.19,,,,,,,EOF1335445825,,0.09
Limit sell,2021-05-12 15:14:00,US1729674242,C,"Citigroup",3.0000000000,76.00,USD,1.20719,34.99,188.59,,,,0.00,0.00,,EOF1335446142,,0.28
Market buy,2021-05-12 16:00:54,US90184L1026,TWTR,"Twitter",1.0000000000,50.35,USD,1.20699,,41.77,,,,,,,EOF1335453286,,0.06
Market buy,2021-05-12 19:26:02,US0272631021,AMLM,"American Lithium Minerals",50.0000000000,0.32,USD,1.20767,,13.24,,,,,,,EOF1336473667,,0.02
Market buy,2021-05-13 08:01:18,DE0007664039,VOW3,"Volkswagen",0.5000000000,199.74,EUR,1.00000,,99.87,,,,,,,EOF1336488901,,
Market buy,2021-05-13 11:27:27,IE00BMC38736,SMGB,"VanEck Semiconductor",5.0000000000,15.27,GBP,0.86041,,88.87,,,,,,,EOF1336503099,,0.13
Market buy,2021-05-13 13:50:55,US5533681012,MP,"MP Materials",2.0000000000,25.14,USD,1.20824,,41.67,,,,,,,EOF1337522852,,0.06
Dividend (Return of capital),2021-05-17 10:04:14,US2937921078,EPD,"Enterprise Products Partners",2.0000960000,0.45,USD,Not available,,0.74,0.00,USD,,,,,,,
Dividend (Ordinary),2021-05-17 14:19:13,US0378331005,AAPL,"Apple",2.0000000000,0.20,USD,Not available,,0.33,0.04,USD,,,,,,,
Market sell,2021-05-17 14:24:55,US9497461015,WFC,"Wells Fargo",2.0000000000,47.13,USD,1.21474,22.01,77.48,,,,,,,EOF1343779137,,0.12
Dividend (Ordinary),2021-05-18 12:04:46,US7561091049,O,"Realty Income",1.0000000000,0.21,USD,Not available,,0.17,0.02,USD,,,,,,,
Market buy,2021-05-19 08:06:27,XS2193972598,3LTS,"3x Long Tesla GraniteShares",2.0000000000,23.65,USD,1.22229,,38.76,,,,,,,EOF1345799306,,0.06
Market buy,2021-05-20 10:45:25,IE00B1TXK627,DH2O,"iShares Global Water USD",0.5000000000,61.49,USD,1.21946,,25.25,,,,,,,EOF1347945249,,0.04
Market sell,2021-05-25 08:32:51,XS2193972598,3LTS,"3x Long Tesla GraniteShares",2.0000000000,29.20,USD,1.22497,8.97,47.60,,,,,,,EOF1353762984,,0.07
Market sell,2021-05-26 14:54:22,US87663X1028,TTCF,"Tattooed Chef",3.0000000000,23.04,USD,1.22322,0.29,56.43,,,,,,,EOF1357087019,,0.08
Market sell,2021-05-26 15:04:07,US59833H1014,MEEC,"Midwest Energy Emissions",30.0000000000,1.25,USD,1.22211,1.01,30.63,,,,,,,EOF1357089140,,0.05
Market sell,2021-05-27 13:37:11,US8485771021,SAVE,"Spirit Airlines",2.0000000000,35.79,USD,1.21852,18.22,58.65,,,,,,,EOF1358554907,,0.09
Dividend (Ordinary),2021-05-28 09:42:35,IE00B1XNHC34,INRG,"iShares Global Clean Energy",40.0000000000,3.02,GBX,Not available,,1.40,0.00,GBX,,,,,,,
Dividend (Ordinary),2021-06-02 08:34:17,US1729674242,C,"Citigroup",3.0000000000,0.46,USD,Not available,,1.13,0.15,USD,,,,,,,
Dividend (Ordinary),2021-06-03 11:33:38,US9497461015,WFC,"Wells Fargo",2.0000000000,0.09,USD,Not available,,0.15,0.02,USD,,,,,,,
Dividend (Ordinary),2021-06-03 11:36:20,US9311421039,WMT,"Walmart",1.5000000000,0.50,USD,Not available,,0.61,0.08,USD,,,,,,,
Deposit,2021-06-03 12:26:18,,,,,,,,,306.68,,,306.68,,,"Bank Transfer",259bf573-f219-4988-8acb-59ee8a95dac7,,
Limit buy,2021-06-03 13:36:27,CA53680Q2071,LAC,"Lithium Americas",8.0000000000,15.30,USD,1.21478,,100.91,,,,,,,EOF1371867740,,0.15
Market sell,2021-06-03 13:40:11,US98138J2069,WKHS,"Workhorse",6.0000000000,15.93,USD,1.21489,20.04,78.55,,,,,,,EOF1371871484,,0.12
Limit buy,2021-06-03 13:43:02,US9129091081,X,"United States Steel",4.0000000000,25.20,USD,1.21477,,83.10,,,,,,,EOF1371874191,,0.12
Market buy,2021-06-03 13:52:04,US0378331005,AAPL,"Apple",1.0000000000,123.41,USD,1.21367,,101.83,,,,,,,EOF1371884953,,0.15
Market buy,2021-06-04 12:10:24,XS2193972598,3LTS,"3x Long Tesla GraniteShares",4.0000000000,25.14,USD,1.21163,,83.12,,,,,,,EOF1373752573,,0.12
Market sell,2021-06-07 16:04:04,US35953D1046,FUBO,"fuboTV",2.0000000000,30.92,USD,1.22010,0.25,50.60,,,,,,,EOF1377968633,,0.08
Dividend (Ordinary),2021-06-08 09:09:21,FR0013176526,FR,"Valeo",0.9993190000,0.22,EUR,Not available,,0.22,0.08,EUR,,,,,,,
Market sell,2021-06-08 12:10:15,XS2193972598,3LTS,"3x Long Tesla GraniteShares",4.0000000000,30.08,USD,1.21819,15.77,98.62,,,,,,,EOF1379227267,,0.15
Market sell,2021-06-09 13:34:00,US77311W1018,RKT,"Rocket Companies",1.0000000000,21.90,USD,1.22174,3.58,17.90,,,,,,,EOF1382468297,,0.03
Market sell,2021-06-10 13:38:02,US23130Q1076,CURI,"CuriosityStream",4.0000000000,14.86,USD,1.21647,12.43,48.79,,,,,,,EOF1384728711,,0.07
Dividend (Return of capital),2021-06-11 15:44:01,US6540901096,NJDCY,"Nidec",1.0000000000,0.04,USD,Not available,,0.03,0.00,USD,,,,,,,
Market sell,2021-06-14 14:08:02,US72919P2020,PLUG,"Plug Power",3.0000000000,31.11,USD,1.21224,3.23,76.87,,,,,,,EOF1391224652,,0.12
Limit sell,2021-06-15 07:05:40,IE00BLRPRL42,QQQ3,"WisdomTree NASDAQ 100 3x",6.0000000000,164.15,USD,1.21384,161.48,810.17,,,,,,,EOF1391939689,,1.22
Market sell,2021-06-15 14:07:35,US70614W1009,PTON,"Peloton Interactive",2.0000000000,109.48,USD,1.21276,6.96,180.28,,,,,,,EOF1393080715,,0.27
Dividend (Ordinary),2021-06-17 12:40:21,US7561091049,O,"Realty Income",1.0000000000,0.21,USD,Not available,,0.18,0.02,USD,,,,,,,
Market sell,2021-06-17 13:57:08,US50202M1027,LI,"Li Auto",1.0000000000,29.95,USD,1.19378,0.25,25.05,,,,,,,EOF1396651757,,0.04
Market buy,2021-06-18 07:00:39,DE000A0N62H8,VZLE,"WisdomTree Physical Precious Metals",1.0000000000,130.73,EUR,1.00000,,130.73,,,,,,,EOF1399171510,,
Limit buy,2021-06-18 13:30:01,US9129091081,X,"United States Steel",5.0000000000,23.70,USD,1.18727,,99.96,,,,,,,EOF1399189743,,0.15
Market buy,2021-06-18 14:43:26,CA66979W8429,NMG,"Nouveau Monde Graphite ",3.0000000000,7.38,USD,1.18718,,18.68,,,,,,,EOF1400272877,,0.03
Dividend (Ordinary),2021-06-22 12:39:48,US94106L1098,WM,"Waste Management",1.0000000000,0.52,USD,Not available,,0.44,0.06,USD,,,,,,,
Market sell,2021-06-23 14:05:48,US92556H2067,PARA,"Paramount Global",1.0000000000,41.25,USD,1.19668,0.77,34.42,,,,,,,EOF1407404701,,0.05
Dividend (Ordinary),2021-06-25 09:22:25,US7475251036,QCOM,"Qualcomm",1.0010204000,0.61,USD,Not available,,0.51,0.07,USD,,,,,,,
Market sell,2021-06-25 14:30:23,US6541061031,NKE,"Nike",0.4500000000,152.01,USD,1.19660,6.00,57.08,,,,,,,EOF1412396989,,0.09
Market sell,2021-06-28 13:36:22,US09061G1013,BMRN,"Biomarin Pharma",0.3926440000,85.73,USD,1.19223,0.72,28.19,,,,,,,EOF1415912075,,0.04
Limit buy,2021-06-29 13:43:24,US1729674242,C,"Citigroup",10.0000000000,70.50,USD,1.18919,,593.73,,,,,,,EOF1418994104,,0.89
Market sell,2021-06-30 13:41:15,US9311421039,WMT,"Walmart",1.5000000000,141.75,USD,1.18680,7.24,178.89,,,,,,,EOF1421151681,,0.27
Deposit,2021-07-01 06:57:41,,,,,,,,,613.28,,,613.28,,,"Bank Transfer",f503a295-301a-40cb-90ff-5e0226880675,,
Dividend (Ordinary),2021-07-05 14:16:38,US92556H2067,PARA,"Paramount Global",1.0000000000,0.22,USD,Not available,,0.18,0.02,USD,,,,,,,
Dividend (Ordinary),2021-07-05 14:40:44,US6541061031,NKE,"Nike",0.4500000000,0.25,USD,Not available,,0.09,0.01,USD,,,,,,,
Limit buy,2021-07-08 13:34:43,XS2193972598,3LTS,"3x Long Tesla GraniteShares",10.0000000000,31.00,USD,1.18608,,261.75,,,,,,,EOF1437025626,,0.39
Limit buy,2021-07-08 13:38:29,US92259F1012,VLDR,"Velodyne Lidar",20.0000000000,9.28,USD,1.18558,,156.79,,,,,,,EOF1437027629,,0.24
Limit buy,2021-07-08 13:40:34,US38113L1070,GNOG,"Golden Nugget Online Gaming",15.0000000000,11.30,USD,1.18562,,143.17,,,,,,,EOF1437028606,,0.21
Limit sell,2021-07-12 14:09:14,XS2193972598,3LTS,"3x Long Tesla GraniteShares",10.0000000000,38.02,USD,1.18698,58.95,319.83,,,,,,,EOF1441736105,,0.48
Market sell,2021-07-13 15:12:56,US00724F1012,ADBE,"Adobe Systems",0.5000000000,606.75,USD,1.18167,66.92,256.35,,,,,,,EOF1443744965,,0.38
Limit sell,2021-07-14 19:36:14,US94106L1098,WM,"Waste Management",1.0000000000,144.00,USD,1.18384,26.50,121.46,,,,,0.00,,EOF1447548192,,0.18
Dividend (Ordinary),2021-07-19 13:06:44,US7561091049,O,"Realty Income",1.0000000000,0.21,USD,Not available,,0.18,0.02,USD,,,,,,,
Limit buy,2021-07-19 13:41:04,US92259F1012,VLDR,"Velodyne Lidar",15.0000000000,8.43,USD,1.18141,,107.16,,,,,,,EOF1452111574,,0.16
Dividend (Return of capital),2021-07-20 12:38:22,US8740391003,TSM,"Taiwan Semiconductor",1.0000000000,0.35,USD,Not available,,0.30,-0.00,USD,,,,,,,
Limit buy,2021-07-20 19:55:15,US22041X1028,CRSR,"Corsair Gaming",10.0000000000,29.70,USD,1.17808,,252.49,,,,,,,EOF1456261175,,0.38
Limit buy,2021-07-21 13:30:12,PA1436583006,CCL,"Carnival",6.0000000000,21.67,USD,1.17627,,110.71,,,,,,,EOF1456788530,,0.17
Limit buy,2021-07-21 13:31:20,US9108734057,UMC,"United Microelectronics",15.0000000000,9.00,USD,1.17629,,114.94,,,,,,,EOF1456790454,,0.17
Market buy,2021-07-21 14:23:10,US44951Y1029,HYZN,"Hyzon Motors",4.0000000000,7.85,USD,1.17861,,26.68,,,,,,,EOF1456811397,,0.04
Limit buy,2021-07-22 13:30:02,US4128221086,HOG,"Harley-Davidson",5.0000000000,40.63,USD,1.18265,,172.03,,,,,,,EOF1458767557,,0.26
Limit buy,2021-07-22 13:30:03,US15961R1059,CHPT,"ChargePoint Holdings",4.0000000000,26.00,USD,1.18267,,88.07,,,,,,,EOF1458767820,,0.13
Limit buy,2021-07-22 13:30:03,US8485771021,SAVE,"Spirit Airlines",4.0000000000,28.00,USD,1.18267,,94.84,,,,,,,EOF1458767756,,0.14
Limit buy,2021-07-22 13:30:03,US1491231015,CAT,"Caterpillar",1.0000000000,211.00,USD,1.18267,,178.68,,,,,,,EOF1458767722,,0.27
Limit buy,2021-07-22 13:30:04,US7595091023,RS,"Reliance Steel & Aluminum",1.0000000000,149.41,USD,1.18268,,126.52,,,,,,,EOF1458767893,,0.19
Limit buy,2021-07-22 13:30:05,US72016P1057,PLL,"Piedmont Lithium",2.0000000000,57.65,USD,1.18264,,97.64,,,,,,,EOF1458768186,,0.15
Limit buy,2021-07-23 13:52:02,US92259F1012,VLDR,"Velodyne Lidar",15.0000000000,8.00,USD,1.17607,,102.18,,,,,,,EOF1460310103,,0.15
Limit buy,2021-07-28 08:00:38,XS2193972598,3LTS,"3x Long Tesla GraniteShares",4.0000000000,32.00,USD,1.18045,,108.59,,,,,,,EOF1468478100,,0.16
Dividend (Ordinary),2021-07-28 09:45:20,US6496045013,NYMT,"New York Mortgage Trust",10.0000000000,0.09,USD,Not available,,0.76,0.10,USD,,,,,,,
Limit buy,2021-07-28 16:16:46,US72016P1057,PLL,"Piedmont Lithium",2.0000000000,52.00,USD,1.18126,,88.17,,,,,,,EOF1469538846,,0.13
Dividend (Ordinary),2021-07-29 08:01:23,DE0007664039,VOW3,"Volkswagen",0.5000000000,3.58,EUR,Not available,,1.79,0.64,EUR,,,,,,,
Market sell,2021-07-29 13:45:24,US0079031078,AMD,"Advanced Micro Devices",3.0004800000,100.45,USD,1.18821,55.87,253.28,,,,,,,EOF1470391517,,0.38
Limit sell,2021-07-29 15:14:01,XS2193972598,3LTS,"3x Long Tesla GraniteShares",4.0000000000,36.84,USD,1.18903,15.50,123.74,,,,,,,EOF1470410591,,0.19
Market buy,2021-07-30 14:54:30,US0231351067,AMZN,"Amazon",0.0460660100,3343.00,USD,1.18634,,130.00,,,,,,,EOF1472507920,,0.19
Limit buy,2021-08-02 13:31:00,US72352L1061,PINS,"Pinterest",3.0000000000,59.20,USD,1.18771,,149.75,,,,,,,EOF1475709278,,0.22
Limit buy,2021-08-02 13:53:00,US0272631021,AMLM,"American Lithium Minerals",500.0000000000,0.22,USD,1.18759,,92.98,,,,,,,EOF1475988346,,0.14
Deposit,2021-08-03 06:23:10,,,,,,,,,613.26,,,613.26,,,"Bank Transfer",d93de3f9-0168-431e-a478-5e41d5676bc6,,
Limit buy,2021-08-03 15:28:51,US92826C8394,V,"Visa",1.0000000000,234.93,USD,1.18542,,198.48,,,,,,,EOF1478399889,,0.30
Limit buy,2021-08-04 14:42:24,US7707001027,HOOD,"Robinhood",2.0000000000,58.00,USD,1.18456,,98.08,,,,,,,EOF1480782054,,0.15
Limit buy,2021-08-04 17:35:20,US37045V1008,GM,"General Motors",2.0000000000,52.65,USD,1.18383,,89.08,,,,,,,EOF1480806426,,0.13
Limit sell,2021-08-04 17:53:15,US9108734057,UMC,"United Microelectronics",15.0000000000,11.00,USD,1.18427,24.56,139.12,,,,,,,EOF1480808176,,0.21
Stop limit sell,2021-08-05 16:05:17,US7707001027,HOOD,"Robinhood",2.0000000000,60.31,USD,1.18401,3.94,101.72,,,,,0.00,,EOF1483434831,,0.15
Limit buy,2021-08-09 13:30:03,US3453708600,F,"Ford",10.0000000000,13.67,USD,1.17594,,116.42,,,,,,,EOF1486543451,,0.17
Market sell,2021-08-09 13:37:25,US38113L1070,GNOG,"Golden Nugget Online Gaming",30.0002750000,17.88,USD,1.17638,122.35,455.30,,,,,,,EOF1486557291,,0.68
Limit buy,2021-08-10 15:15:38,XS2337090778,3TWE,"3x Twitter",25.0000000000,6.23,EUR,1.00000,,155.75,,,,,,,EOF1490193139,,
Limit buy,2021-08-10 15:18:07,XS2193969537,3LPE,"3x Long Amazon GraniteShares",25.0000000000,5.73,EUR,1.00000,,143.19,,,,,,,EOF1490193692,,
Market buy,2021-08-10 15:19:08,US0231351067,AMZN,"Amazon",0.0310000000,3318.98,USD,1.17218,,87.91,,,,,,,EOF1490193849,,0.13
Limit buy,2021-08-11 14:26:35,US74374T1097,PTRA,"Proterra",10.0000000000,11.80,USD,1.17322,,100.73,,,,,,,EOF1492429259,,0.15
Market buy,2021-08-11 18:30:46,US0231351067,AMZN,"Amazon",0.0500000000,3281.17,USD,1.17421,,139.93,,,,,,,EOF1492466118,,0.21
Limit buy,2021-08-12 13:39:35,US0382221051,AMAT,"Applied Materials",1.0000000000,130.98,USD,1.17263,,111.86,,,,,,,EOF1493602962,,0.17
Dividend (Ordinary),2021-08-13 07:47:37,US0378331005,AAPL,"Apple",3.0000000000,0.20,USD,Not available,,0.51,0.07,USD,,,,,,,
Limit buy,2021-08-16 13:46:35,XS2193973133,3LIE,"3x Long NIO GraniteShares",60.0000000000,1.68,EUR,1.00000,,100.56,,,,,,,EOF1498669566,,
Dividend (Ordinary),2021-08-17 08:50:49,US7561091049,O,"Realty Income",1.0000000000,0.21,USD,Not available,,0.18,0.02,USD,,,,,,,
Limit sell,2021-08-18 12:00:01,US0272631021,AMLM,"American Lithium Minerals",500.0000000000,0.26,USD,1.17235,5.04,108.59,,,,,,,EOF1502132091,,0.16
Market buy,2021-08-18 13:37:50,CA1366351098,CSIQ,"Canadian Solar",2.0000000000,35.18,USD,1.17087,,60.18,,,,,,,EOF1502143922,,0.09
Market buy,2021-08-18 13:41:13,DE0007664039,VOW3,"Volkswagen",0.5000000000,197.12,EUR,1.00000,,98.56,,,,,,,EOF1502144805,,
Market sell,2021-08-20 13:46:19,IE00B3WJKG14,QDVE,"iShares S&P 500 Information Technology Sector EUR",4.4856450000,16.63,EUR,1.00000,14.58,74.58,,,,,,,EOF1506471859,,
Market sell,2021-08-20 13:47:53,US7561091049,O,"Realty Income",1.0000000000,71.34,USD,1.16830,12.18,60.97,,,,,,,EOF1506472258,,0.09
Market sell,2021-08-20 13:49:00,US9129091081,X,"United States Steel",9.0000000000,27.50,USD,1.16827,29.06,211.53,,,,,,,EOF1506472573,,0.32
Limit buy,2021-08-20 13:54:27,XS2337090778,3TWE,"3x Twitter",25.0000000000,5.37,EUR,1.00000,,134.13,,,,,,,EOF1506474225,,
Market buy,2021-08-20 13:57:43,US57636Q1040,MA,"Mastercard",0.5000000000,357.18,USD,1.16740,,153.21,,,,,,,EOF1506475157,,0.23
Limit sell,2021-08-20 15:32:38,US0378331005,AAPL,"Apple",1.0000000000,147.80,USD,1.16821,21.67,126.33,,,,,0.00,,EOF1506493865,,0.19
Limit buy,2021-08-20 15:32:55,US8923313071,TM,"Toyota Motor Corporation ADR",1.0000000000,164.85,USD,1.16784,,141.37,,,,,,,EOF1506493892,,0.21
Market sell,2021-08-30 17:50:25,US30303M1027,FB,"Meta Platforms",0.0000919000,380.03,USD,1.17987,0.01,0.03,,,,,,,EOF1520662001,,
Market sell,2021-08-30 17:50:25,US30303M1027,FB,"Meta Platforms",1.0000000000,380.03,USD,1.17987,106.47,321.60,,,,0.01,0.00,,EOF1520662002,,0.48
Dividend (Ordinary),2021-09-01 10:58:08,US1729674242,C,"Citigroup",10.0000000000,0.46,USD,Not available,,3.88,0.51,USD,,,,,,,
Dividend (Ordinary),2021-09-01 11:44:44,US7595091023,RS,"Reliance Steel & Aluminum",1.0000000000,0.62,USD,Not available,,0.52,0.07,USD,,,,,,,
Limit sell,2021-09-02 14:00:47,CA53680Q2071,LAC,"Lithium Americas",8.0000000000,22.30,USD,1.18589,49.67,150.20,,,,,0.00,,EOF1527468748,,0.23
Limit buy,2021-09-02 15:25:50,US92826C8394,V,"Visa",1.0000000000,222.96,USD,1.18611,,188.26,,,,,,,EOF1527484850,,0.28
Dividend (Ordinary),2021-09-03 10:24:50,US92826C8394,V,"Visa",1.0000000000,0.29,USD,Not available,,0.24,0.03,USD,,,,,,,
Market sell,2021-09-03 14:13:32,US7820111000,RSI,"Rush Street Interactive",2.0005710000,15.71,USD,1.18834,0.10,26.41,,,,,,,EOF1528602793,,0.04
Limit buy,2021-09-09 07:00:23,IE00BMDH1538,HDRO,"VanEck Hydrogen Economy",10.0000000000,17.97,USD,1.18144,,152.37,,,,,,,EOF1535493380,,0.23
Limit buy,2021-09-09 07:01:59,XS2193973133,3LIE,"3x Long NIO GraniteShares",70.0000000000,1.50,EUR,1.00000,,105.00,,,,,,,EOF1535494332,,
Deposit,2021-09-09 07:59:55,,,,,,,,,502.92,,,502.92,,,"Bank Transfer",052e61b3-ced1-4b35-8c9a-ddf760ac3f1f,,
Market sell,2021-09-09 14:50:13,US44951Y1029,HYZN,"Hyzon Motors",6.0000000000,9.92,USD,1.18117,1.75,50.31,,,,,,,EOF1537040016,,0.08
Dividend (Ordinary),2021-09-13 13:28:19,US9129091081,X,"United States Steel",9.0000000000,0.01,USD,Not available,,0.07,0.01,USD,,,,,,,
Limit buy,2021-09-14 07:35:20,DE000A0N62H8,VZLE,"WisdomTree Physical Precious Metals",1.0000000000,120.00,EUR,1.00000,,120.00,,,,,,,EOF1543573401,,
Limit buy,2021-09-14 13:50:35,IE00BLRPRL42,QQQ3,"WisdomTree NASDAQ 100 3x",1.0000000000,213.00,USD,1.18236,,180.42,,,,,,,EOF1543595529,,0.27
Limit buy,2021-09-14 13:51:52,LU0411078552,DBPG,"Xtrackers S&P 500 2x Leveraged Daily Swap",1.0000000000,133.40,EUR,1.00000,,133.40,,,,,,,EOF1543595865,,
Limit buy,2021-09-20 13:30:42,DE0007664039,VOW3,"Volkswagen",1.0000000000,181.00,EUR,1.00000,,181.00,,,,,,,EOF1552570359,,
Deposit,2021-09-22 07:05:08,,,,,,,,,613.25,,,613.25,,,"Bank Transfer",6d90f79d-fc60-4b7d-a86c-bd7f43eb2c75,,
Dividend (Bonus),2021-09-22 12:05:11,US0382221051,AMAT,"Applied Materials",1.0000000000,0.22,USD,Not available,,0.18,0.02,USD,,,,,,,
Market sell,2021-09-22 14:44:32,US60938K1060,ML,"MoneyLion",4.0000000000,11.21,USD,1.17390,2.44,38.14,,,,,,,EOF1557483902,,0.06
Limit buy,2021-09-22 14:51:45,LU0411078552,DBPG,"Xtrackers S&P 500 2x Leveraged Daily Swap",1.0000000000,129.50,EUR,1.00000,,129.50,,,,,,,EOF1557485232,,
Dividend (Ordinary),2021-09-24 11:42:39,US7475251036,QCOM,"Qualcomm",1.0010204000,0.61,USD,Not available,,0.52,0.07,USD,,,,,,,
Market buy,2021-09-24 15:27:28,US15961R1059,CHPT,"ChargePoint Holdings",5.0000000000,19.93,USD,1.17079,,85.24,,,,,,,EOF1560957021,,0.13
Dividend (Ordinary),2021-09-28 11:51:37,US4128221086,HOG,"Harley-Davidson",5.0000000000,0.14,USD,Not available,,0.58,0.08,USD,,,,,,,
Limit buy,2021-09-28 13:54:00,IE00BLRPRL42,QQQ3,"WisdomTree NASDAQ 100 3x",2.0000000000,190.84,USD,1.16751,,327.41,,,,,,,EOF1567515249,,0.49
Limit buy,2021-09-28 14:01:01,US1912161007,KO,"Coca-Cola",2.0000000000,53.00,USD,1.16773,,90.91,,,,,,,EOF1568918747,,0.14
Market sell,2021-09-29 13:33:43,US8036071004,SRPT,"Sarepta Therapeutics",1.0000000000,92.62,USD,1.16408,3.75,79.44,,,,,,,EOF1569995014,,0.12
Limit buy,2021-09-30 12:10:33,XS2337090778,3TWE,"3x Twitter",25.0000000000,4.58,EUR,1.00000,,114.43,,,,,,,EOF1572774972,,
Market sell,2021-10-01 13:37:23,US8676524064,SPWR,"SunPower",4.0000000000,25.02,USD,1.16034,11.18,86.12,,,,,,,EOF1575676083,,0.13
Deposit,2021-10-04 06:42:46,,,,,,,,,215.59,,,215.59,,,"Bank Transfer",06a0f7ca-f351-48a5-a602-15bc779be096,,
Limit buy,2021-10-05 08:20:56,IE00BLRPRL42,QQQ3,"WisdomTree NASDAQ 100 3x",1.0000000000,174.99,USD,1.16020,,151.06,,,,,,,EOF1580950233,,0.23
Dividend (Ordinary),2021-10-15 09:53:18,US8740391003,TSM,"Taiwan Semiconductor",1.0000000000,0.39,USD,Not available,,0.33,0.10,USD,,,,,,,
Limit buy,2021-10-15 13:40:21,US22041X1028,CRSR,"Corsair Gaming",8.0000000000,24.55,USD,1.16011,,169.54,,,,,,,EOF1604891537,,0.25
Limit sell,2021-10-20 13:25:30,US0272631021,AMLM,"American Lithium Minerals",100.0000000000,0.26,USD,1.16406,1.16,21.87,,,,,,,EOF1619457116,,0.03
Market sell,2021-10-20 13:46:15,US6496045013,NYMT,"New York Mortgage Trust",10.0000000000,4.36,USD,1.16414,6.94,37.39,,,,,,,EOF1619471789,,0.06
Market buy,2021-10-22 14:28:12,US4581401001,INTC,"Intel",1.0000000000,50.06,USD,1.16493,,43.03,,,,,,,EOF1624288951,,0.06
Market buy,2021-10-25 13:54:01,US72352L1061,PINS,"Pinterest",0.6501020000,49.93,USD,1.16092,,28.00,,,,,,,EOF1628861072,,0.04
Dividend (Ordinary),2021-10-27 08:49:57,US6496045013,NYMT,"New York Mortgage Trust",10.0000000000,0.09,USD,Not available,,0.78,0.10,USD,,,,,,,
Market sell,2021-10-28 13:41:09,KYG9103H1020,TRIRF,"Triterras",2.0000000000,7.76,USD,1.16391,1.38,13.31,,,,,,,EOF1637126933,,0.02
Deposit,2021-11-02 07:38:08,,,,,,,,,613.30,,,613.30,,,"Bank Transfer",443d39b8-82db-496f-80f0-8f3bb1ef7b9e,,
Limit buy,2021-11-04 12:37:12,XS2297550217,3PYE,"3x PayPal",75.0000000000,2.83,EUR,1.00000,,211.95,,,,,,,EOF1649170817,,
Limit sell,2021-11-04 14:11:16,XS2193973133,3LIE,"3x Long NIO GraniteShares",130.0000000000,2.00,EUR,1.00000,54.57,260.13,,,,,,,EOF1649199918,,
Market buy,2021-11-04 16:40:20,US74736K1016,QRVO,"Qorvo",0.7000000000,153.66,USD,1.15428,,93.32,,,,,,,EOF1650185404,,0.14
Limit sell,2021-11-05 15:33:24,XS2193969537,3LPE,"3x Long Amazon GraniteShares",25.0000000000,6.75,EUR,1.00000,25.56,168.75,,,,,,,EOF1652282733,,
Limit sell,2021-11-08 14:37:39,US74374T1097,PTRA,"Proterra",10.0000000000,12.65,USD,1.15744,8.71,109.13,,,,,,,EOF1655400678,,0.16
Market buy,2021-11-09 15:02:12,US70450Y1038,PYPL,"PayPal",0.5000000000,204.26,USD,1.15933,,88.22,,,,,,,EOF1658383708,,0.13
Limit buy,2021-11-09 15:03:04,XS2297550217,3PYE,"3x PayPal",45.0000000000,1.83,EUR,1.00000,,82.44,,,,,,,EOF1658384057,,
Dividend (Ordinary),2021-11-10 09:16:37,US57636Q1040,MA,"Mastercard",0.5000000000,0.40,USD,Not available,,0.17,0.02,USD,,,,,,,
Limit buy,2021-11-10 19:59:42,US8825081040,TXN,"Texas Instruments",1.0000000000,186.68,USD,1.14822,,162.82,,,,,,,EOF1662061564,,0.24
Dividend (Bonus),2021-11-11 13:56:09,US6540901096,NJDCY,"Nidec",1.0000000000,0.03,USD,Not available,,0.02,0.00,USD,,,,,,,
Limit buy,2021-11-11 14:55:35,US2546871060,DIS,"Walt Disney",1.0000000000,160.22,USD,1.14723,,139.87,,,,,,,EOF1663164600,,0.21
Dividend (Ordinary),2021-11-15 09:40:35,US0378331005,AAPL,"Apple",2.0000000000,0.20,USD,Not available,,0.35,0.04,USD,,,,,,,
Market buy,2021-11-15 16:39:02,US70450Y1038,PYPL,"PayPal",0.5000000000,213.23,USD,1.14217,,93.48,,,,,,,EOF1668454159,,0.14
Dividend (Ordinary),2021-11-22 13:55:33,US1491231015,CAT,"Caterpillar",1.0000000000,1.00,USD,Not available,,0.89,0.11,USD,,,,,,,
Dividend (Ordinary),2021-11-25 09:37:07,US1729674242,C,"Citigroup",10.0000000000,0.46,USD,Not available,,4.09,0.51,USD,,,,,,,
Market buy,2021-11-26 09:25:30,XS2297550217,3PYE,"3x PayPal",80.0000000000,1.40,EUR,1.00000,,112.00,,,,,,,EOF1685140724,,
Limit buy,2021-11-26 09:26:54,XS2337090778,3TWE,"3x Twitter",45.0000000000,1.88,EUR,1.00000,,84.74,,,,,,,EOF1685140823,,
Dividend (Ordinary),2021-11-26 12:53:59,IE00B1TXK627,DH2O,"iShares Global Water USD",0.5000000000,1.00,USD,Not available,,0.44,0.00,USD,,,,,,,
Dividend (Ordinary),2021-11-26 13:19:51,IE00B1XNHC34,INRG,"iShares Global Clean Energy",40.0000000000,3.60,GBX,Not available,,1.70,0.00,GBX,,,,,,,
Market buy,2021-11-30 14:53:38,PA1436583006,CCL,"Carnival",4.0000000000,17.62,USD,1.13778,,62.03,,,,,,,EOF1692015041,,0.09
Market buy,2021-11-30 18:55:39,US09857L1089,BKNG,"Booking Holdings",0.0231185700,2101.44,USD,1.13140,,43.00,,,,,,,EOF1692911218,,0.06
Deposit,2021-12-01 08:16:19,,,,,,,,,613.28,,,613.28,,,"Bank Transfer",0ee175fc-a4f7-4e2f-bbf8-5741277b868a,,
Market buy,2021-12-01 19:27:57,US6792951054,OKTA,"Okta",0.5000000000,202.37,USD,1.13171,,89.54,,,,,,,EOF1695116866,,0.13
Limit buy,2021-12-01 19:28:28,US69608A1088,PLTR,"Palantir",6.0000000000,19.78,USD,1.13170,,105.03,,,,,,,EOF1695117110,,0.16
Dividend (Ordinary),2021-12-02 15:09:47,US4581401001,INTC,"Intel",1.0000000000,0.31,USD,Not available,,0.28,0.03,USD,,,,,,,
Dividend (Ordinary),2021-12-02 15:51:13,US3453708600,F,"Ford",10.0000000000,0.09,USD,Not available,,0.80,0.10,USD,,,,,,,
Limit buy,2021-12-03 15:07:23,US2561631068,DOCU,"DocuSign",1.0000000000,141.45,USD,1.12824,,125.56,,,,,,,EOF1698320912,,0.19
Limit buy,2021-12-03 15:12:58,US62914V1061,NIO,"NIO Inc",4.0000000000,32.92,USD,1.12801,,116.92,,,,,,,EOF1698323275,,0.18
Dividend (Ordinary),2021-12-06 10:03:31,US7595091023,RS,"Reliance Steel & Aluminum",1.0000000000,0.62,USD,Not available,,0.55,0.07,USD,,,,,,,
Market buy,2021-12-07 15:28:34,XS2337090778,3TWE,"3x Twitter",40.0000000000,1.82,EUR,1.00000,,72.88,,,,,,,EOF1702520756,,
Dividend (Ordinary),2021-12-07 17:35:50,US8923313071,TM,"Toyota Motor Corporation ADR",1.0000000000,1.78,USD,Not available,,1.58,0.32,USD,,,,,,,
Limit buy,2021-12-08 14:46:41,US15961R1059,CHPT,"ChargePoint Holdings",5.0000000000,19.98,USD,1.13032,,88.51,,,,,,,EOF1703531189,,0.13
Dividend (Ordinary),2021-12-09 10:43:42,US92826C8394,V,"Visa",2.0000000000,0.34,USD,Not available,,0.60,0.08,USD,,,,,,,
Dividend (Ordinary),2021-12-09 12:32:41,US6540901096,NJDCY,"Nidec",1.0000000000,0.06,USD,Not available,,0.05,0.01,USD,,,,,,,
Limit sell,2021-12-13 14:54:10,US4128221086,HOG,"Harley-Davidson",5.0000000000,42.51,USD,1.12887,16.51,188.00,,,,,,,EOF1709298208,,0.28
Market buy,2021-12-14 19:44:57,US8676524064,SPWR,"SunPower",3.0000000000,21.07,USD,1.12598,,56.22,,,,,,,EOF1711713328,,0.08
Dividend (Ordinary),2021-12-16 12:54:22,US1912161007,KO,"Coca-Cola",2.0000000000,0.38,USD,Not available,,0.67,0.08,USD,,,,,,,
Dividend (Ordinary),2021-12-17 13:21:54,US0382221051,AMAT,"Applied Materials",1.0000000000,0.22,USD,Not available,,0.19,0.02,USD,,,,,,,
Dividend (Ordinary),2021-12-17 14:27:57,US7475251036,QCOM,"Qualcomm",1.0010204000,0.61,USD,Not available,,0.54,0.07,USD,,,,,,,
Market buy,2021-12-20 14:38:47,US8676524064,SPWR,"SunPower",3.0000000000,19.59,USD,1.12940,,52.12,,,,,,,EOF1718242866,,0.08
Dividend (Ordinary),2021-12-24 10:34:33,US4128221086,HOG,"Harley-Davidson",5.0000000000,0.14,USD,Not available,,0.60,0.08,USD,,,,,,,